-- MySQL dump 10.13  Distrib 8.0.34, for Win64 (x86_64)
--
-- Host: 127.0.0.1    Database: root
-- ------------------------------------------------------
-- Server version	5.7.44

/*!40101 SET @OLD_CHARACTER_SET_CLIENT=@@CHARACTER_SET_CLIENT */;
/*!40101 SET @OLD_CHARACTER_SET_RESULTS=@@CHARACTER_SET_RESULTS */;
/*!40101 SET @OLD_COLLATION_CONNECTION=@@COLLATION_CONNECTION */;
/*!50503 SET NAMES utf8 */;
/*!40103 SET @OLD_TIME_ZONE=@@TIME_ZONE */;
/*!40103 SET TIME_ZONE='+00:00' */;
/*!40014 SET @OLD_UNIQUE_CHECKS=@@UNIQUE_CHECKS, UNIQUE_CHECKS=0 */;
/*!40014 SET @OLD_FOREIGN_KEY_CHECKS=@@FOREIGN_KEY_CHECKS, FOREIGN_KEY_CHECKS=0 */;
/*!40101 SET @OLD_SQL_MODE=@@SQL_MODE, SQL_MODE='NO_AUTO_VALUE_ON_ZERO' */;
/*!40111 SET @OLD_SQL_NOTES=@@SQL_NOTES, SQL_NOTES=0 */;

--
-- Table structure for table `Task`
--

DROP TABLE IF EXISTS `Task`;
/*!40101 SET @saved_cs_client     = @@character_set_client */;
/*!50503 SET character_set_client = utf8mb4 */;
CREATE TABLE `Task` (
  `id` int(11) NOT NULL AUTO_INCREMENT,
  `name` varchar(255) DEFAULT NULL,
  `status` varchar(255) DEFAULT NULL,
  PRIMARY KEY (`id`)
) ENGINE=InnoDB AUTO_INCREMENT=27 DEFAULT CHARSET=latin1;
/*!40101 SET character_set_client = @saved_cs_client */;

--
-- Dumping data for table `Task`
--

LOCK TABLES `Task` WRITE;
/*!40000 ALTER TABLE `Task` DISABLE KEYS */;
INSERT INTO `Task` VALUES (23,'new task','0'),(24,'new task name','0'),(25,'some more task','unknown'),(26,'newwewewe tasssk','unknown');
/*!40000 ALTER TABLE `Task` ENABLE KEYS */;
UNLOCK TABLES;

--
-- Table structure for table `cartAndProduct`
--

DROP TABLE IF EXISTS `cartAndProduct`;
/*!40101 SET @saved_cs_client     = @@character_set_client */;
/*!50503 SET character_set_client = utf8mb4 */;
CREATE TABLE `cartAndProduct` (
  `id` int(11) NOT NULL AUTO_INCREMENT,
  `cartId` int(11) NOT NULL,
  `productId` int(11) NOT NULL,
  `date_added` datetime DEFAULT CURRENT_TIMESTAMP,
  `date_updated` datetime DEFAULT NULL ON UPDATE CURRENT_TIMESTAMP,
  PRIMARY KEY (`id`)
) ENGINE=InnoDB AUTO_INCREMENT=29 DEFAULT CHARSET=latin1;
/*!40101 SET character_set_client = @saved_cs_client */;

--
-- Dumping data for table `cartAndProduct`
--

LOCK TABLES `cartAndProduct` WRITE;
/*!40000 ALTER TABLE `cartAndProduct` DISABLE KEYS */;
INSERT INTO `cartAndProduct` VALUES (1,1,1,'2023-12-07 15:39:53',NULL),(2,1,2,'2023-12-07 15:39:53',NULL),(3,2,13,'2023-12-07 16:51:04',NULL),(4,2,15,'2023-12-07 16:51:04',NULL),(5,4,63,'2023-12-11 22:33:33','2023-12-11 13:33:33'),(8,4,65,'2023-12-11 23:11:19','2023-12-11 14:11:19'),(9,5,38,'2023-12-12 21:49:22','2023-12-12 12:49:22'),(10,5,14,'2023-12-12 21:51:58','2023-12-12 12:51:58'),(11,6,62,'2023-12-12 21:52:52','2023-12-12 12:52:52'),(12,6,62,'2023-12-12 21:53:33','2023-12-12 12:53:33'),(13,6,66,'2023-12-12 21:53:48','2023-12-12 12:53:48'),(16,8,63,'2023-12-12 22:31:02','2023-12-12 13:31:02'),(17,8,39,'2023-12-12 22:31:20','2023-12-12 13:31:20'),(18,9,39,'2023-12-12 22:31:48','2023-12-12 13:31:48'),(19,9,14,'2023-12-12 22:31:55','2023-12-12 13:31:55'),(20,9,63,'2023-12-12 22:32:01','2023-12-12 13:32:01'),(21,9,47,'2023-12-12 22:32:09','2023-12-12 13:32:09'),(22,9,76,'2023-12-14 23:29:52','2023-12-14 14:29:52'),(23,10,15,'2023-12-14 23:59:11','2023-12-14 14:59:11'),(25,10,14,'2023-12-14 23:59:46','2023-12-14 14:59:46'),(26,10,14,'2023-12-14 23:59:50','2023-12-14 14:59:50'),(27,10,14,'2023-12-14 23:59:54','2023-12-14 14:59:54'),(28,10,63,'2023-12-15 00:00:19','2023-12-14 15:00:19');
/*!40000 ALTER TABLE `cartAndProduct` ENABLE KEYS */;
UNLOCK TABLES;

--
-- Table structure for table `carts`
--

DROP TABLE IF EXISTS `carts`;
/*!40101 SET @saved_cs_client     = @@character_set_client */;
/*!50503 SET character_set_client = utf8mb4 */;
CREATE TABLE `carts` (
  `id` int(11) NOT NULL AUTO_INCREMENT,
  `userId` int(11) NOT NULL,
  `date_added` datetime DEFAULT CURRENT_TIMESTAMP,
  `date_updated` datetime DEFAULT NULL ON UPDATE CURRENT_TIMESTAMP,
  `status` int(11) DEFAULT '0',
  PRIMARY KEY (`id`)
) ENGINE=InnoDB AUTO_INCREMENT=12 DEFAULT CHARSET=latin1;
/*!40101 SET character_set_client = @saved_cs_client */;

--
-- Dumping data for table `carts`
--

LOCK TABLES `carts` WRITE;
/*!40000 ALTER TABLE `carts` DISABLE KEYS */;
INSERT INTO `carts` VALUES (1,1,'2023-12-07 15:40:33',NULL,0),(2,2,'2023-12-07 16:50:50',NULL,0),(4,17,'2023-12-11 22:33:33','2023-12-11 13:33:33',0),(5,18,'2023-12-12 21:49:22','2023-12-12 12:49:22',0),(6,44,'2023-12-12 21:52:52','2023-12-12 12:52:52',0),(7,16,'2023-12-12 21:54:21','2023-12-12 12:54:21',0),(8,16,'2023-12-12 22:31:02','2023-12-12 13:31:02',0),(9,4,'2023-12-12 22:31:48','2023-12-14 22:56:23',1),(10,11,'2023-12-14 23:59:11','2023-12-14 23:59:34',1),(11,53,'2023-12-15 21:04:18','2023-12-15 21:04:58',1);
/*!40000 ALTER TABLE `carts` ENABLE KEYS */;
UNLOCK TABLES;

--
-- Table structure for table `category`
--

DROP TABLE IF EXISTS `category`;
/*!40101 SET @saved_cs_client     = @@character_set_client */;
/*!50503 SET character_set_client = utf8mb4 */;
CREATE TABLE `category` (
  `id` int(11) NOT NULL AUTO_INCREMENT,
  `name` varchar(256) DEFAULT NULL,
  `iconUrl` varchar(1024) DEFAULT NULL,
  `parentId` int(11) DEFAULT '0',
  `description` varchar(1024) DEFAULT NULL,
  PRIMARY KEY (`id`)
) ENGINE=InnoDB AUTO_INCREMENT=15 DEFAULT CHARSET=latin1;
/*!40101 SET character_set_client = @saved_cs_client */;

--
-- Dumping data for table `category`
--

LOCK TABLES `category` WRITE;
/*!40000 ALTER TABLE `category` DISABLE KEYS */;
INSERT INTO `category` VALUES (0,'3D model',NULL,-1,NULL),(1,'architecture',NULL,0,'Need a house 3d model for one of your projects? We have that. Need an entire City? Free3D has a dozen of those! A large number of the recent models have a lower polygon count and can be used in games straight away.\",'),(2,'room',NULL,1,'Stylish, comfy rooms just waiting to be download, go take a look, see what we have to offer'),(3,'vehicles',NULL,0,'One of the most time consuming 3d modeling jobs is making cars. So why struggle for hours to build a car when you can download in seconds a ready to use 3d car made by specs. For game development Free3D also hosts several low poly models made specifically for real time usage.'),(4,'truck',NULL,3,'\'Do you like big heavy cool-looking vehicles? Come check out'),(5,'characters',NULL,0,'Welcome to our most popular and vibrant category. Really popular are the human base meshes. They save precious time and lay the base for your work. Usually when building characters things might go out of proportions so it’s valuable to start with a base mesh and then add specific characteristics.'),(6,'Aircraft',NULL,0,'Some models have a lower polygon count and can be dropped in any game scene without hesitation or could be used as background props for your massive city scene. The impressive collection of fighter jets includes models which have a higher polygon count, so are appropriate for closeups.'),(7,'Furniture',NULL,0,'Furniture models spans across different styles from antique decorations to modern furnishing. We also have a collection of models that have a more rugged look with dirty textures and even blood splatters in some cases - useful for example for zombie games.'),(8,'Electronics',NULL,0,'Electronics are the models most likely to get dated, however we still keep models of older phones, laptops or even tower computers, you never know when they become classics! Musical equipment is a big part of the electronics category.'),(9,'Male',NULL,5,'Male 3d models'),(10,'Spaceship',NULL,6,'Fascinating aerial device made just for sci-fy fans'),(11,'Office',NULL,7,'A comfy office ? Don\'t you think'),(12,'Pc',NULL,8,'Electrical device'),(13,'Fighter',NULL,6,'Fighter aircraft'),(14,'Building',NULL,1,'Buildings');
/*!40000 ALTER TABLE `category` ENABLE KEYS */;
UNLOCK TABLES;

--
-- Table structure for table `imgs`
--

DROP TABLE IF EXISTS `imgs`;
/*!40101 SET @saved_cs_client     = @@character_set_client */;
/*!50503 SET character_set_client = utf8mb4 */;
CREATE TABLE `imgs` (
  `id` int(11) NOT NULL AUTO_INCREMENT,
  `file` longblob NOT NULL,
  `date_added` datetime NOT NULL DEFAULT CURRENT_TIMESTAMP,
  `name` varchar(1024) DEFAULT NULL,
  `file_size` int(11) DEFAULT '0',
  `productId` int(11) NOT NULL DEFAULT '0',
  PRIMARY KEY (`id`)
) ENGINE=InnoDB AUTO_INCREMENT=213 DEFAULT CHARSET=latin1;
/*!40101 SET character_set_client = @saved_cs_client */;

--
-- Dumping data for table `imgs`
--

LOCK TABLES `imgs` WRITE;
/*!40000 ALTER TABLE `imgs` DISABLE KEYS */;
INSERT INTO `imgs` VALUES (1,_binary '[object ArrayBuffer]','2023-12-06 21:52:10','04pz91eh.jpg',65724,14),(2,_binary '[object ArrayBuffer]','2023-12-06 21:52:18','04pz91eh.jpg',65724,14),(3,_binary '[object ArrayBuffer]','2023-12-06 21:52:20','04pz91eh.jpg',65724,14),(4,_binary '[object ArrayBuffer]','2023-12-06 21:52:32','04pz91eh.jpg',65724,14),(5,_binary '[object ArrayBuffer]','2023-12-06 21:52:58','04pz91eh.jpg',65724,14),(6,_binary '[object ArrayBuffer]','2023-12-06 21:52:59','04pz91eh.jpg',65724,14),(7,_binary '[object ArrayBuffer]','2023-12-06 21:53:21','04pz91eh.jpg',65724,14),(8,_binary '[object ArrayBuffer]','2023-12-06 21:53:23','04pz91eh.jpg',65724,14),(9,_binary '[object ArrayBuffer]','2023-12-06 21:54:22','04pz91eh.jpg',65724,14),(10,_binary '[object ArrayBuffer]','2023-12-06 21:54:22','2543-custom-wheels-nmcustoms.jpg',22752,12),(11,_binary '[object ArrayBuffer]','2023-12-06 21:54:26','04pz91eh.jpg',65724,14),(12,_binary '[object ArrayBuffer]','2023-12-06 21:55:13','1567-intergalactic-spaceships-version-2-blender-292-eevee.jpg',42557,36),(13,_binary '[object ArrayBuffer]','2023-12-06 21:55:13','1183-intergalactic-spaceships-version-2-blender-292-eevee.jpg',79806,36),(14,_binary '[object ArrayBuffer]','2023-12-06 21:55:13','04pz91eh.jpg',65724,14),(15,_binary '[object ArrayBuffer]','2023-12-06 21:55:13','2017-intergalactic-spaceships-version-2-blender-292-eevee.jpg',61921,36),(16,_binary '[object ArrayBuffer]','2023-12-06 21:55:13','1h2h9hix.jpg',318016,39),(17,_binary '[object ArrayBuffer]','2023-12-06 21:55:13','2543-custom-wheels-nmcustoms.jpg',22752,12),(18,_binary '[object ArrayBuffer]','2023-12-06 21:55:13','2574-intergalactic-spaceships-version-2-blender-292-eevee.jpg',92122,36),(19,_binary '[object ArrayBuffer]','2023-12-06 21:55:13','2947-pc-speaker.png',129465,55),(20,_binary '[object ArrayBuffer]','2023-12-06 21:55:13','3702-intergalactic-spaceships-version-2-blender-292-eevee.jpg',56585,36),(21,_binary '[object ArrayBuffer]','2023-12-06 21:55:13','2k9m29oe.jpg',46536,38),(22,_binary '[object ArrayBuffer]','2023-12-06 21:55:13','1ppic62q.jpg',248448,47),(23,_binary '[object ArrayBuffer]','2023-12-06 21:55:13','3797-lowpoly-male-rigged-.png',52555,45),(24,_binary '[object ArrayBuffer]','2023-12-06 21:55:13','3829-lowpoly-male-rigged-.png',33673,45),(25,_binary '[object ArrayBuffer]','2023-12-06 21:55:13','40j82rcp.jpg',135449,47),(26,_binary '[object ArrayBuffer]','2023-12-06 21:55:13','4488-custom-wheels-nmcustoms.jpg',42940,12),(27,_binary '[object ArrayBuffer]','2023-12-06 21:55:13','2382-pc-speaker.png',391556,55),(28,_binary '[object ArrayBuffer]','2023-12-06 21:55:13','4287-satellite-solar-panel.png',343133,2),(29,_binary '[object ArrayBuffer]','2023-12-06 21:55:13','4tsq1hz6.jpg',74859,14),(30,_binary '[object ArrayBuffer]','2023-12-06 21:55:13','5636-intergalactic-spaceships-version-2-blender-292-eevee.jpg',109407,36),(31,_binary '[object ArrayBuffer]','2023-12-06 21:55:13','4880-pc-speaker.png',268824,55),(32,_binary '[object ArrayBuffer]','2023-12-06 21:55:13','5710-intergalactic-spaceships-version-2-blender-292-eevee.jpg',52797,36),(33,_binary '[object ArrayBuffer]','2023-12-06 21:55:13','5030-snowfox-subnautica.png',288290,35),(34,_binary '[object ArrayBuffer]','2023-12-06 21:55:13','5089-snowfox-subnautica.png',253101,35),(35,_binary '[object ArrayBuffer]','2023-12-06 21:55:13','5d4ogkxu.jpg',37553,38),(36,_binary '[object ArrayBuffer]','2023-12-06 21:55:13','5x6m6dgh.jpg',126552,47),(37,_binary '[object ArrayBuffer]','2023-12-06 21:55:13','5769-lowpoly-male-rigged-.png',259043,45),(38,_binary '[object ArrayBuffer]','2023-12-06 21:55:13','6813-wooden-table.png',38487,50),(39,_binary '[object ArrayBuffer]','2023-12-06 21:55:13','6283-snowfox-subnautica.png',251458,35),(40,_binary '[object ArrayBuffer]','2023-12-06 21:55:13','8040-custom-wheels-nmcustoms.jpg',23190,12),(41,_binary '[object ArrayBuffer]','2023-12-06 21:55:13','8001-satellite-solar-panel.png',286344,2),(42,_binary '[object ArrayBuffer]','2023-12-06 21:55:13','6846-living-room.png',520493,1),(43,_binary '[object ArrayBuffer]','2023-12-06 21:55:13','7985-living-room.png',508688,1),(44,_binary '[object ArrayBuffer]','2023-12-06 21:55:13','85zkfcs5.jpg',41642,38),(45,_binary '[object ArrayBuffer]','2023-12-06 21:55:13','814tytfy.jpg',303651,39),(46,_binary '[object ArrayBuffer]','2023-12-06 21:55:13','8725-intergalactic-spaceships-version-2-blender-292-eevee.jpg',57658,36),(47,_binary '[object ArrayBuffer]','2023-12-06 21:55:13','8629-intergalactic-spaceships-version-2-blender-292-eevee.jpg',74727,36),(48,_binary '[object ArrayBuffer]','2023-12-06 21:55:13','8206-animation.png',215588,9),(49,_binary '[object ArrayBuffer]','2023-12-06 21:55:13','8kvtwb26.jpg',53343,15),(50,_binary '[object ArrayBuffer]','2023-12-06 21:55:13','8yjul3lo.jpg',69461,13),(51,_binary '[object ArrayBuffer]','2023-12-06 21:55:13','99vt6j6i.jpg',29894,15),(52,_binary '[object ArrayBuffer]','2023-12-06 21:55:13','c0hb5385.jpg',25399,15),(53,_binary '[object ArrayBuffer]','2023-12-06 21:55:13','8972-snowfox-subnautica.png',290119,35),(54,_binary '[object ArrayBuffer]','2023-12-06 21:55:13','fjqutqr4.jpg',73153,13),(55,_binary '[object ArrayBuffer]','2023-12-06 21:55:13','8966-snowfox-subnautica.png',255432,35),(56,_binary '[object ArrayBuffer]','2023-12-06 21:55:13','fgy2imuf.jpg',63945,14),(57,_binary '[object ArrayBuffer]','2023-12-06 21:55:13','8750-toy-truck.png',439536,10),(58,_binary '[object ArrayBuffer]','2023-12-06 21:55:13','hywnkc56.jpg',22053,15),(59,_binary '[object ArrayBuffer]','2023-12-06 21:55:13','g3y7to2o.jpg',75147,15),(60,_binary '[object ArrayBuffer]','2023-12-06 21:55:13','io6vdehu.jpg',54757,38),(61,_binary '[object ArrayBuffer]','2023-12-06 21:55:13','cwzs7bpo.jpg',302542,39),(62,_binary '[object ArrayBuffer]','2023-12-06 21:55:13','hd5vtap5.jpg',86558,38),(63,_binary '[object ArrayBuffer]','2023-12-06 21:55:13','j0pkqh4g.jpg',31716,15),(64,_binary '[object ArrayBuffer]','2023-12-06 21:55:13','jq4k1eov.jpg',26484,15),(65,_binary '[object ArrayBuffer]','2023-12-06 21:55:13','jlc1qob7.jpg',53937,38),(66,_binary '[object ArrayBuffer]','2023-12-06 21:55:13','k873ohli.jpg',31515,15),(67,_binary '[object ArrayBuffer]','2023-12-06 21:55:13','iz4ncl9s.jpg',230623,47),(68,_binary '[object ArrayBuffer]','2023-12-06 21:55:13','k8uuprrs.jpg',68745,14),(69,_binary '[object ArrayBuffer]','2023-12-06 21:55:13','kj4gwcsc.jpg',80521,13),(70,_binary '[object ArrayBuffer]','2023-12-06 21:55:13','lnlq6upz.jpg',66378,14),(71,_binary '[object ArrayBuffer]','2023-12-06 21:55:13','jrafmuaq.jpg',150040,14),(72,_binary '[object ArrayBuffer]','2023-12-06 21:55:14','l7htrk1b.jpg',30092,15),(73,_binary '[object ArrayBuffer]','2023-12-06 21:55:14','mtbe78kz.jpg',23086,15),(74,_binary '[object ArrayBuffer]','2023-12-06 21:55:14','jl3wunaq.jpg',297019,39),(75,_binary '[object ArrayBuffer]','2023-12-06 21:55:14','oa7kkbk6.jpg',141961,47),(76,_binary '[object ArrayBuffer]','2023-12-06 21:55:14','oor1l4aw.jpg',51579,13),(77,_binary '[object ArrayBuffer]','2023-12-06 21:55:14','oj1oszi6.jpg',105956,13),(78,_binary '[object ArrayBuffer]','2023-12-06 21:55:14','n4c682pt.jpg',183752,13),(79,_binary '[object ArrayBuffer]','2023-12-06 21:55:14','qbos5w46.jpg',50831,38),(80,_binary '[object ArrayBuffer]','2023-12-06 21:55:14','ollnmkg3.jpg',173069,47),(81,_binary '[object ArrayBuffer]','2023-12-06 21:55:14','s2ac147d.jpg',45527,15),(82,_binary '[object ArrayBuffer]','2023-12-06 21:55:14','spd8hwt3.jpg',64855,13),(83,_binary '[object ArrayBuffer]','2023-12-06 21:55:14','j0aeli6a.jpg',66324,15),(84,_binary '[object ArrayBuffer]','2023-12-06 21:55:14','skqfn1sj.jpg',140773,47),(85,_binary '[object ArrayBuffer]','2023-12-06 21:55:14','rxhocapn.jpg',82508,14),(86,_binary '[object ArrayBuffer]','2023-12-06 21:55:14','sz2n5h9g.jpg',51152,13),(87,_binary '[object ArrayBuffer]','2023-12-06 21:55:14','turntablenmwheel-05.jpg',21918,12),(88,_binary '[object ArrayBuffer]','2023-12-06 21:55:14','tko2xrsh.jpg',66325,14),(89,_binary '[object ArrayBuffer]','2023-12-06 21:55:14','s8ykdgam.jpg',242016,47),(90,_binary '[object ArrayBuffer]','2023-12-06 21:55:14','turntablenmwheel-01.jpg',22326,12),(91,_binary '[object ArrayBuffer]','2023-12-06 21:55:14','turntablenmwheel-00.jpg',27996,12),(92,_binary '[object ArrayBuffer]','2023-12-06 21:55:14','vrc4usqm.jpg',132888,47),(93,_binary '[object ArrayBuffer]','2023-12-06 21:55:14','vstmr59f.jpg',74936,14),(94,_binary '[object ArrayBuffer]','2023-12-06 21:55:14','xrxwevb1.jpg',60069,38),(95,_binary '[object ArrayBuffer]','2023-12-06 21:55:14','zk1y3a95.jpg',212666,13),(96,_binary '[object ArrayBuffer]','2023-12-06 21:55:14','x9cvtwpm.jpg',294451,39),(97,_binary '[object ArrayBuffer]','2023-12-06 21:55:14','4716-living-room.png',565353,1),(98,_binary '[object ArrayBuffer]','2023-12-06 21:55:14','6102-living-room.png',557007,1),(99,_binary '[object ArrayBuffer]','2023-12-06 21:55:14','xmxf7l5t.jpg',288925,39),(100,_binary 'unavailable','2023-12-09 00:01:29','productImage-id150-8-12-2023T22-01-28-9860.jpg',219967,0),(101,_binary 'unavailable','2023-12-09 00:04:40','productImage-id151-8-12-2023T22-04-39-9910.jpeg',219967,0),(102,_binary 'unavailable','2023-12-09 00:04:40','productImage-id151-8-12-2023T22-04-39-9970.jpeg',206518,0),(103,_binary 'unavailable','2023-12-09 00:07:50','productImage-id152-8-12-2023T22-07-50-5410.jpeg',219967,152),(104,_binary 'unavailable','2023-12-09 00:07:50','productImage-id152-8-12-2023T22-07-50-5480.jpeg',206518,152),(105,_binary 'unavailable','2023-12-09 22:39:58','productImage-id62-9-12-2023T20-39-58-6510.jpeg',40134,62),(106,_binary 'unavailable','2023-12-09 22:39:58','productImage-id62-9-12-2023T20-39-58-6550.jpeg',43868,62),(107,_binary 'unavailable','2023-12-09 22:39:58','productImage-id62-9-12-2023T20-39-58-6580.jpeg',46933,62),(108,_binary 'unavailable','2023-12-09 22:45:23','productImage-id63-9-12-2023T20-45-23-7560.jpeg',215734,63),(109,_binary 'unavailable','2023-12-09 22:45:23','productImage-id63-9-12-2023T20-45-23-7610.jpeg',197156,63),(110,_binary 'unavailable','2023-12-09 22:45:23','productImage-id63-9-12-2023T20-45-23-7640.jpeg',206518,63),(111,_binary 'unavailable','2023-12-09 22:45:23','productImage-id63-9-12-2023T20-45-23-7680.jpeg',233875,63),(112,_binary 'unavailable','2023-12-09 22:45:23','productImage-id63-9-12-2023T20-45-23-7740.jpeg',219967,63),(113,_binary 'unavailable','2023-12-09 22:55:45','productImage-id64-9-12-2023T20-55-45-5370.jpeg',25672,64),(114,_binary 'unavailable','2023-12-09 22:55:45','productImage-id64-9-12-2023T20-55-45-5450.jpeg',24847,64),(115,_binary 'unavailable','2023-12-09 22:55:45','productImage-id64-9-12-2023T20-55-45-5470.jpeg',33823,64),(116,_binary 'unavailable','2023-12-09 22:55:45','productImage-id64-9-12-2023T20-55-45-5490.jpeg',32060,64),(117,_binary 'unavailable','2023-12-09 22:59:40','productImage-id65-9-12-2023T20-59-40-6710.jpeg',96046,65),(118,_binary 'unavailable','2023-12-09 22:59:40','productImage-id65-9-12-2023T20-59-40-6740.jpeg',208189,65),(119,_binary 'unavailable','2023-12-09 22:59:40','productImage-id65-9-12-2023T20-59-40-6780.jpeg',118524,65),(120,_binary 'unavailable','2023-12-09 22:59:40','productImage-id65-9-12-2023T20-59-40-6800.jpeg',64727,65),(121,_binary 'unavailable','2023-12-09 22:59:40','productImage-id65-9-12-2023T20-59-40-6830.jpeg',67990,65),(122,_binary 'unavailable','2023-12-09 22:59:40','productImage-id65-9-12-2023T20-59-40-6860.jpeg',208189,65),(123,_binary 'unavailable','2023-12-09 22:59:40','productImage-id65-9-12-2023T20-59-40-6910.jpeg',87136,65),(124,_binary 'unavailable','2023-12-09 22:59:40','productImage-id65-9-12-2023T20-59-40-6940.jpeg',118524,65),(125,_binary 'unavailable','2023-12-09 23:09:46','productImage-id66-9-12-2023T21-09-46-8970.jpeg',60180,66),(126,_binary 'unavailable','2023-12-09 23:09:46','productImage-id66-9-12-2023T21-09-46-9020.jpeg',46521,66),(127,_binary 'unavailable','2023-12-09 23:09:46','productImage-id66-9-12-2023T21-09-46-9040.jpeg',53248,66),(128,_binary 'unavailable','2023-12-09 23:09:46','productImage-id66-9-12-2023T21-09-46-9070.jpeg',43025,66),(129,_binary 'unavailable','2023-12-09 23:09:46','productImage-id66-9-12-2023T21-09-46-9090.jpeg',50115,66),(130,_binary 'unavailable','2023-12-14 23:05:39','productImage-id67-14-12-2023T21-05-39-9630.jpeg',75909,67),(131,_binary 'unavailable','2023-12-14 23:05:39','productImage-id67-14-12-2023T21-05-39-9670.jpeg',85410,67),(132,_binary 'unavailable','2023-12-14 23:05:39','productImage-id67-14-12-2023T21-05-39-9700.jpeg',109076,67),(133,_binary 'unavailable','2023-12-14 23:05:39','productImage-id67-14-12-2023T21-05-39-9730.jpeg',108456,67),(134,_binary 'unavailable','2023-12-14 23:05:39','productImage-id67-14-12-2023T21-05-39-9760.jpeg',97576,67),(135,_binary 'unavailable','2023-12-14 23:05:39','productImage-id67-14-12-2023T21-05-39-9780.jpeg',87840,67),(136,_binary 'unavailable','2023-12-14 23:05:39','productImage-id67-14-12-2023T21-05-39-9800.jpeg',99956,67),(137,_binary 'unavailable','2023-12-14 23:08:00','productImage-id68-14-12-2023T21-08-00-1160.jpeg',175458,68),(138,_binary 'unavailable','2023-12-14 23:08:00','productImage-id68-14-12-2023T21-08-00-1210.jpeg',80588,68),(139,_binary 'unavailable','2023-12-14 23:08:00','productImage-id68-14-12-2023T21-08-00-1240.jpeg',74239,68),(140,_binary 'unavailable','2023-12-14 23:08:00','productImage-id68-14-12-2023T21-08-00-1270.jpeg',81789,68),(141,_binary 'unavailable','2023-12-14 23:08:00','productImage-id68-14-12-2023T21-08-00-1310.jpeg',158169,68),(142,_binary 'unavailable','2023-12-14 23:08:00','productImage-id68-14-12-2023T21-08-00-1340.jpeg',161193,68),(143,_binary 'unavailable','2023-12-14 23:14:50','productImage-id69-14-12-2023T21-14-50-5750.jpeg',23193,69),(144,_binary 'unavailable','2023-12-14 23:14:50','productImage-id69-14-12-2023T21-14-50-5800.jpeg',39325,69),(145,_binary 'unavailable','2023-12-14 23:14:50','productImage-id69-14-12-2023T21-14-50-5820.jpeg',44275,69),(146,_binary 'unavailable','2023-12-14 23:14:50','productImage-id69-14-12-2023T21-14-50-5840.jpeg',164635,69),(147,_binary 'unavailable','2023-12-14 23:14:50','productImage-id69-14-12-2023T21-14-50-5870.jpeg',157863,69),(148,_binary 'unavailable','2023-12-14 23:14:50','productImage-id69-14-12-2023T21-14-50-5930.jpeg',93752,69),(149,_binary 'unavailable','2023-12-14 23:18:32','productImage-id70-14-12-2023T21-18-32-8610.jpeg',76556,70),(150,_binary 'unavailable','2023-12-14 23:18:32','productImage-id70-14-12-2023T21-18-32-8640.jpeg',85293,70),(151,_binary 'unavailable','2023-12-14 23:18:32','productImage-id70-14-12-2023T21-18-32-8660.jpeg',81098,70),(152,_binary 'unavailable','2023-12-14 23:18:32','productImage-id70-14-12-2023T21-18-32-8690.jpeg',82362,70),(153,_binary 'unavailable','2023-12-14 23:18:32','productImage-id70-14-12-2023T21-18-32-8720.jpeg',88410,70),(154,_binary 'unavailable','2023-12-14 23:18:32','productImage-id70-14-12-2023T21-18-32-8750.jpeg',88728,70),(155,_binary 'unavailable','2023-12-14 23:21:35','productImage-id71-14-12-2023T21-21-35-6140.jpeg',205790,71),(156,_binary 'unavailable','2023-12-14 23:21:35','productImage-id71-14-12-2023T21-21-35-6190.jpeg',133600,71),(157,_binary 'unavailable','2023-12-14 23:21:35','productImage-id71-14-12-2023T21-21-35-6230.jpeg',137491,71),(158,_binary 'unavailable','2023-12-14 23:21:35','productImage-id71-14-12-2023T21-21-35-6270.jpeg',149989,71),(159,_binary 'unavailable','2023-12-14 23:21:35','productImage-id71-14-12-2023T21-21-35-6310.jpeg',67481,71),(160,_binary 'unavailable','2023-12-14 23:21:35','productImage-id71-14-12-2023T21-21-35-6330.jpeg',76556,71),(161,_binary 'unavailable','2023-12-14 23:24:09','productImage-id72-14-12-2023T21-24-09-7660.jpeg',77081,72),(162,_binary 'unavailable','2023-12-14 23:24:09','productImage-id72-14-12-2023T21-24-09-7680.jpeg',98831,72),(163,_binary 'unavailable','2023-12-14 23:24:09','productImage-id72-14-12-2023T21-24-09-7700.jpeg',61143,72),(164,_binary 'unavailable','2023-12-14 23:24:09','productImage-id72-14-12-2023T21-24-09-7730.jpeg',105718,72),(165,_binary 'unavailable','2023-12-14 23:24:09','productImage-id72-14-12-2023T21-24-09-7770.jpeg',79000,72),(166,_binary 'unavailable','2023-12-14 23:24:09','productImage-id72-14-12-2023T21-24-09-7790.jpeg',77081,72),(167,_binary 'unavailable','2023-12-14 23:26:43','productImage-id73-14-12-2023T21-26-43-2570.jpeg',31827,73),(168,_binary 'unavailable','2023-12-14 23:26:43','productImage-id73-14-12-2023T21-26-43-2600.jpeg',52074,73),(169,_binary 'unavailable','2023-12-14 23:26:43','productImage-id73-14-12-2023T21-26-43-2620.jpeg',64014,73),(170,_binary 'unavailable','2023-12-14 23:26:43','productImage-id73-14-12-2023T21-26-43-2640.jpeg',46492,73),(171,_binary 'unavailable','2023-12-14 23:26:43','productImage-id73-14-12-2023T21-26-43-2670.jpeg',149562,73),(172,_binary 'unavailable','2023-12-14 23:27:31','productImage-id74-14-12-2023T21-27-31-3970.jpeg',42529,74),(173,_binary 'unavailable','2023-12-14 23:28:33','productImage-id75-14-12-2023T21-28-33-4490.jpeg',50219,75),(174,_binary 'unavailable','2023-12-14 23:28:33','productImage-id75-14-12-2023T21-28-33-4520.jpeg',83909,75),(175,_binary 'unavailable','2023-12-14 23:28:33','productImage-id75-14-12-2023T21-28-33-4550.jpeg',49800,75),(176,_binary 'unavailable','2023-12-14 23:29:37','productImage-id76-14-12-2023T21-29-37-5410.jpeg',100807,76),(177,_binary 'unavailable','2023-12-14 23:29:37','productImage-id76-14-12-2023T21-29-37-5440.jpeg',60925,76),(178,_binary 'unavailable','2023-12-14 23:29:37','productImage-id76-14-12-2023T21-29-37-5460.jpeg',45738,76),(179,_binary 'unavailable','2023-12-14 23:29:37','productImage-id76-14-12-2023T21-29-37-5480.jpeg',59619,76),(180,_binary 'unavailable','2023-12-14 23:29:37','productImage-id76-14-12-2023T21-29-37-5500.jpeg',44322,76),(181,_binary 'unavailable','2023-12-14 23:33:32','productImage-id77-14-12-2023T21-33-32-6790.jpeg',48144,77),(182,_binary 'unavailable','2023-12-14 23:33:32','productImage-id77-14-12-2023T21-33-32-6810.jpeg',172659,77),(183,_binary 'unavailable','2023-12-14 23:33:32','productImage-id77-14-12-2023T21-33-32-6850.jpeg',131341,77),(184,_binary 'unavailable','2023-12-14 23:33:32','productImage-id77-14-12-2023T21-33-32-6880.jpeg',193736,77),(185,_binary 'unavailable','2023-12-14 23:33:32','productImage-id77-14-12-2023T21-33-32-6920.jpeg',72573,77),(186,_binary 'unavailable','2023-12-14 23:35:22','productImage-id78-14-12-2023T21-35-22-3820.jpeg',48296,78),(187,_binary 'unavailable','2023-12-14 23:35:22','productImage-id78-14-12-2023T21-35-22-3850.jpeg',34264,78),(188,_binary 'unavailable','2023-12-14 23:35:22','productImage-id78-14-12-2023T21-35-22-3870.jpeg',26788,78),(189,_binary 'unavailable','2023-12-14 23:35:22','productImage-id78-14-12-2023T21-35-22-3880.jpeg',17904,78),(190,_binary 'unavailable','2023-12-14 23:35:22','productImage-id78-14-12-2023T21-35-22-3900.jpeg',43314,78),(191,_binary 'unavailable','2023-12-14 23:37:30','productImage-id79-14-12-2023T21-37-30-0130.jpeg',66050,79),(192,_binary 'unavailable','2023-12-14 23:37:30','productImage-id79-14-12-2023T21-37-30-0160.jpeg',47953,79),(193,_binary 'unavailable','2023-12-14 23:37:30','productImage-id79-14-12-2023T21-37-30-0170.jpeg',38471,79),(194,_binary 'unavailable','2023-12-14 23:37:30','productImage-id79-14-12-2023T21-37-30-0190.jpeg',60848,79),(195,_binary 'unavailable','2023-12-14 23:37:30','productImage-id79-14-12-2023T21-37-30-0210.jpeg',106972,79),(196,_binary 'unavailable','2023-12-14 23:40:24','productImage-id80-14-12-2023T21-40-24-7650.jpeg',22296,80),(197,_binary 'unavailable','2023-12-14 23:40:24','productImage-id80-14-12-2023T21-40-24-7680.jpeg',77555,80),(198,_binary 'unavailable','2023-12-14 23:40:24','productImage-id80-14-12-2023T21-40-24-7700.jpeg',47210,80),(199,_binary 'unavailable','2023-12-14 23:40:24','productImage-id80-14-12-2023T21-40-24-7720.jpeg',88964,80),(200,_binary 'unavailable','2023-12-14 23:42:53','productImage-id81-14-12-2023T21-42-53-9720.jpeg',35211,81),(201,_binary 'unavailable','2023-12-14 23:42:53','productImage-id81-14-12-2023T21-42-53-9750.jpeg',34829,81),(202,_binary 'unavailable','2023-12-14 23:42:53','productImage-id81-14-12-2023T21-42-53-9760.jpeg',116134,81),(203,_binary 'unavailable','2023-12-14 23:42:53','productImage-id81-14-12-2023T21-42-53-9790.jpeg',117216,81),(204,_binary 'unavailable','2023-12-14 23:42:53','productImage-id81-14-12-2023T21-42-53-9820.jpeg',40886,81),(205,_binary 'unavailable','2023-12-14 23:42:53','productImage-id81-14-12-2023T21-42-53-9840.jpeg',85063,81),(206,_binary 'unavailable','2023-12-14 23:44:41','productImage-id82-14-12-2023T21-44-41-3350.jpeg',159183,82),(207,_binary 'unavailable','2023-12-15 20:58:04','productImage-id83-15-12-2023T18-58-04-4790.jpeg',531955,83),(208,_binary 'unavailable','2023-12-15 20:58:04','productImage-id83-15-12-2023T18-58-04-5040.jpeg',158919,83),(209,_binary 'unavailable','2023-12-15 20:58:04','productImage-id83-15-12-2023T18-58-04-5130.jpeg',105399,83),(210,_binary 'unavailable','2023-12-15 20:58:04','productImage-id83-15-12-2023T18-58-04-5210.jpeg',101317,83),(211,_binary 'unavailable','2023-12-15 20:58:04','productImage-id83-15-12-2023T18-58-04-5300.jpeg',124364,83),(212,_binary 'unavailable','2023-12-15 20:58:04','productImage-id83-15-12-2023T18-58-04-5390.jpeg',146343,83);
/*!40000 ALTER TABLE `imgs` ENABLE KEYS */;
UNLOCK TABLES;

--
-- Table structure for table `products`
--

DROP TABLE IF EXISTS `products`;
/*!40101 SET @saved_cs_client     = @@character_set_client */;
/*!50503 SET character_set_client = utf8mb4 */;
CREATE TABLE `products` (
  `id` int(11) NOT NULL AUTO_INCREMENT,
  `title_text` varchar(255) DEFAULT NULL,
  `desc_text` varchar(16384) DEFAULT NULL,
  `likes_count` int(11) DEFAULT NULL,
  `imgId` int(11) DEFAULT NULL,
  `categoryId` int(11) DEFAULT NULL,
  `visit_count` int(11) DEFAULT NULL,
  `download_count` int(11) DEFAULT NULL,
  `price` int(11) DEFAULT NULL,
  `authorId` int(11) DEFAULT NULL,
  `geometry` varchar(45) DEFAULT NULL,
  `polygon_count` int(11) DEFAULT NULL,
  `vertices_count` int(11) DEFAULT NULL,
  `has_textures` tinyint(1) DEFAULT NULL,
  `has_material` tinyint(1) DEFAULT NULL,
  `had_rigged` tinyint(1) DEFAULT NULL,
  `had_animated` tinyint(1) DEFAULT NULL,
  `had_UVMapped` tinyint(1) DEFAULT NULL,
  `is_gameReady` tinyint(1) DEFAULT NULL,
  `fileId` int(11) DEFAULT NULL,
  `tagId` int(11) DEFAULT NULL,
  `date_added` datetime DEFAULT CURRENT_TIMESTAMP,
  `date_updated` datetime DEFAULT NULL ON UPDATE CURRENT_TIMESTAMP,
  PRIMARY KEY (`id`)
) ENGINE=InnoDB AUTO_INCREMENT=84 DEFAULT CHARSET=utf8;
/*!40101 SET character_set_client = @saved_cs_client */;

--
-- Dumping data for table `products`
--

LOCK TABLES `products` WRITE;
/*!40000 ALTER TABLE `products` DISABLE KEYS */;
INSERT INTO `products` VALUES (1,'Living Room','Living Room with :<ul><li>Verts: 20,035</li><li>Faces: 18,735</li><li>Tris: 38, 514</li><li>Obj: 194</li></ul>',868,NULL,2,0,103919,0,0,'',0,0,1,1,0,0,1,0,NULL,NULL,'2023-12-06 22:15:42',NULL),(2,'Satellite Solar Panel','Satellite Solar Panel<br>Blender 2.93 EEVEE',25,NULL,1,0,2168,0,1,'polygon mesh',2798,4360,1,1,0,0,0,0,NULL,NULL,'2023-12-06 22:15:42',NULL),(3,'Sunset Animation','Sunset animation<br><br>Blender 2.93 EEVEE',25,NULL,1,0,12660,0,2,'',0,0,0,1,0,1,1,0,NULL,NULL,'2023-12-06 22:15:42',NULL),(4,'Sunset Animation','Sunset animation<br><br>Blender 2.93 EEVEE',25,NULL,1,0,12660,0,2,'',0,0,0,1,0,1,1,0,NULL,NULL,'2023-12-06 22:15:42',NULL),(5,'Sunset Animation','Sunset animation<br><br>Blender 2.93 EEVEE',25,NULL,1,0,12660,0,2,'',0,0,0,1,0,1,1,0,NULL,NULL,'2023-12-06 22:15:42',NULL),(6,'Sunset Animation','Sunset animation<br><br>Blender 2.93 EEVEE',25,NULL,1,0,12660,0,2,'',0,0,0,1,0,1,1,0,NULL,NULL,'2023-12-06 22:15:42',NULL),(7,'Sunset Animation','Sunset animation<br><br>Blender 2.93 EEVEE',25,NULL,1,0,12660,0,2,'',0,0,0,1,0,1,1,0,NULL,NULL,'2023-12-06 22:15:42',NULL),(8,'Sunset Animation','Sunset animation<br><br>Blender 2.93 EEVEE',25,NULL,1,0,12660,0,2,'',0,0,0,1,0,1,1,0,NULL,NULL,'2023-12-06 22:15:42',NULL),(9,'Sunset Animation','Sunset animation<br><br>Blender 2.93 EEVEE',25,NULL,1,0,12660,0,2,'',0,0,0,1,0,1,1,0,NULL,NULL,'2023-12-06 22:15:42',NULL),(10,'Toy Truck','toy truck',38,NULL,4,0,6520,0,2,'',0,0,0,0,0,0,0,0,NULL,NULL,'2023-12-06 22:15:42',NULL),(11,'Snowfox Subnautica','Do you know the Subnautica Below Zero game? Are you a Subnautica game lover? if not, no problem. This is a Snowfox 3d model (a vehicle in the game Subnautica Below Zero). although this model is not 100% similar to the one in the game, at least this model can be said to be similar to the one in the game.And also I have added a windshield in the file, but don\'t worry, you can separate the windshield from the Snowfox.<br>I hope you like my model on this one..<br>Thank you...',25,NULL,3,0,2761,0,2,'',0,0,0,1,0,0,0,0,NULL,NULL,'2023-12-06 22:15:42',NULL),(12,'Custom Wheels (NMcustoms) ','Just a basic own design wheel ',7,NULL,3,0,2761,0,2,'',12478,29558,0,1,0,0,0,0,NULL,NULL,'2023-12-06 22:15:42',NULL),(13,'VW Beetle 1998','This VW Beetle 1998 is a high quality model that will enhance detail and realism to your rendering projects. The model has a fully textured design that allows for close-up renders, and was originally modeled in 3ds Max 2012 and rendered with V-Ray.<br>Hope you like it!<br>Also check out my other models, just click on my user name to see complete gallery.<br>© 3d_molier - 2013',0,NULL,3,0,2761,149,2,'polygonal_quads/tris',115531,119332,1,0,0,0,1,0,NULL,NULL,'2023-12-06 22:15:42',NULL),(14,'Low Poly Toon Type Cars Pack With 10+Vehicles','Low Poly Toon type Cars Pack with 10plus Vehicles 3D model This is Low Poly Toon type Cars Pack with 10+ Vehicles including Vans, Cars, Trucks and Police Vehicles... This Collection is Ready to use for any purpose like for Games , For Animations... This Pack Comes with formats - FBX(.fbx) 2014/15 Originally Created by HRH Studios',26,NULL,3,11398,2761,5,2,'polygonal',100,100,1,0,0,0,0,0,NULL,NULL,'2023-12-06 22:15:42',NULL),(15,'Toon Car','- This model contains 113 objects, 3 helpers, 2 lights and 1 camera',0,NULL,3,69,2761,15,2,'polygonal_quads/tris',199685,103254,0,0,0,0,1,0,NULL,NULL,'2023-12-06 22:15:42',NULL),(16,'Snowfox Subnautica','Do you know the Subnautica Below Zero game? Are you a Subnautica game lover? if not, no problem. This is a Snowfox 3d model (a vehicle in the game Subnautica Below Zero). although this model is not 100% similar to the one in the game, at least this model can be said to be similar to the one in the game.And also I have added a windshield in the file, but don\'t worry, you can separate the windshield from the Snowfox.<br>I hope you like my model on this one..<br>Thank you...',25,NULL,3,0,2761,0,2,'',0,0,0,1,0,0,0,0,NULL,NULL,'2023-12-06 22:15:42',NULL),(17,'Snowfox Subnautica','Do you know the Subnautica Below Zero game? Are you a Subnautica game lover? if not, no problem. This is a Snowfox 3d model (a vehicle in the game Subnautica Below Zero). although this model is not 100% similar to the one in the game, at least this model can be said to be similar to the one in the game.And also I have added a windshield in the file, but don\'t worry, you can separate the windshield from the Snowfox.<br>I hope you like my model on this one..<br>Thank you...',25,NULL,3,0,2761,0,2,'',0,0,0,1,0,0,0,0,NULL,NULL,'2023-12-06 22:15:42',NULL),(18,'Snowfox Subnautica','Do you know the Subnautica Below Zero game? Are you a Subnautica game lover? if not, no problem. This is a Snowfox 3d model (a vehicle in the game Subnautica Below Zero). although this model is not 100% similar to the one in the game, at least this model can be said to be similar to the one in the game.And also I have added a windshield in the file, but don\'t worry, you can separate the windshield from the Snowfox.<br>I hope you like my model on this one..<br>Thank you...',25,NULL,3,0,2761,0,2,'',0,0,0,1,0,0,0,0,NULL,NULL,'2023-12-06 22:15:42',NULL),(19,'Snowfox Subnautica','Do you know the Subnautica Below Zero game? Are you a Subnautica game lover? if not, no problem. This is a Snowfox 3d model (a vehicle in the game Subnautica Below Zero). although this model is not 100% similar to the one in the game, at least this model can be said to be similar to the one in the game.And also I have added a windshield in the file, but don\'t worry, you can separate the windshield from the Snowfox.<br>I hope you like my model on this one..<br>Thank you...',25,NULL,3,0,2761,0,2,'',0,0,0,1,0,0,0,0,NULL,NULL,'2023-12-06 22:15:42',NULL),(20,'Snowfox Subnautica','Do you know the Subnautica Below Zero game? Are you a Subnautica game lover? if not, no problem. This is a Snowfox 3d model (a vehicle in the game Subnautica Below Zero). although this model is not 100% similar to the one in the game, at least this model can be said to be similar to the one in the game.And also I have added a windshield in the file, but don\'t worry, you can separate the windshield from the Snowfox.<br>I hope you like my model on this one..<br>Thank you...',25,NULL,3,0,2761,0,2,'',0,0,0,1,0,0,0,0,NULL,NULL,'2023-12-06 22:15:42',NULL),(21,'Snowfox Subnautica','Do you know the Subnautica Below Zero game? Are you a Subnautica game lover? if not, no problem. This is a Snowfox 3d model (a vehicle in the game Subnautica Below Zero). although this model is not 100% similar to the one in the game, at least this model can be said to be similar to the one in the game.And also I have added a windshield in the file, but don\'t worry, you can separate the windshield from the Snowfox.<br>I hope you like my model on this one..<br>Thank you...',25,NULL,3,0,2761,0,2,'',0,0,0,1,0,0,0,0,NULL,NULL,'2023-12-06 22:15:42',NULL),(22,'Snowfox Subnautica','Do you know the Subnautica Below Zero game? Are you a Subnautica game lover? if not, no problem. This is a Snowfox 3d model (a vehicle in the game Subnautica Below Zero). although this model is not 100% similar to the one in the game, at least this model can be said to be similar to the one in the game.And also I have added a windshield in the file, but don\'t worry, you can separate the windshield from the Snowfox.<br>I hope you like my model on this one..<br>Thank you...',25,NULL,3,0,2761,0,2,'',0,0,0,1,0,0,0,0,NULL,NULL,'2023-12-06 22:15:42',NULL),(23,'Snowfox Subnautica','Do you know the Subnautica Below Zero game? Are you a Subnautica game lover? if not, no problem. This is a Snowfox 3d model (a vehicle in the game Subnautica Below Zero). although this model is not 100% similar to the one in the game, at least this model can be said to be similar to the one in the game.And also I have added a windshield in the file, but don\'t worry, you can separate the windshield from the Snowfox.<br>I hope you like my model on this one..<br>Thank you...',25,NULL,3,0,2761,0,2,'',0,0,0,1,0,0,0,0,NULL,NULL,'2023-12-06 22:15:42',NULL),(24,'Snowfox Subnautica','Do you know the Subnautica Below Zero game? Are you a Subnautica game lover? if not, no problem. This is a Snowfox 3d model (a vehicle in the game Subnautica Below Zero). although this model is not 100% similar to the one in the game, at least this model can be said to be similar to the one in the game.And also I have added a windshield in the file, but don\'t worry, you can separate the windshield from the Snowfox.<br>I hope you like my model on this one..<br>Thank you...',25,NULL,3,0,2761,0,2,'',0,0,0,1,0,0,0,0,NULL,NULL,'2023-12-06 22:15:42',NULL),(25,'Snowfox Subnautica','Do you know the Subnautica Below Zero game? Are you a Subnautica game lover? if not, no problem. This is a Snowfox 3d model (a vehicle in the game Subnautica Below Zero). although this model is not 100% similar to the one in the game, at least this model can be said to be similar to the one in the game.And also I have added a windshield in the file, but don\'t worry, you can separate the windshield from the Snowfox.<br>I hope you like my model on this one..<br>Thank you...',25,NULL,3,0,2761,0,2,'',0,0,0,1,0,0,0,0,NULL,NULL,'2023-12-06 22:15:42',NULL),(26,'Snowfox Subnautica','Do you know the Subnautica Below Zero game? Are you a Subnautica game lover? if not, no problem. This is a Snowfox 3d model (a vehicle in the game Subnautica Below Zero). although this model is not 100% similar to the one in the game, at least this model can be said to be similar to the one in the game.And also I have added a windshield in the file, but don\'t worry, you can separate the windshield from the Snowfox.<br>I hope you like my model on this one..<br>Thank you...',25,NULL,3,0,2761,0,2,'',0,0,0,1,0,0,0,0,NULL,NULL,'2023-12-06 22:15:42',NULL),(27,'Snowfox Subnautica','Do you know the Subnautica Below Zero game? Are you a Subnautica game lover? if not, no problem. This is a Snowfox 3d model (a vehicle in the game Subnautica Below Zero). although this model is not 100% similar to the one in the game, at least this model can be said to be similar to the one in the game.And also I have added a windshield in the file, but don\'t worry, you can separate the windshield from the Snowfox.<br>I hope you like my model on this one..<br>Thank you...',25,NULL,3,0,2761,0,2,'',0,0,0,1,0,0,0,0,NULL,NULL,'2023-12-06 22:15:42',NULL),(28,'Snowfox Subnautica','Do you know the Subnautica Below Zero game? Are you a Subnautica game lover? if not, no problem. This is a Snowfox 3d model (a vehicle in the game Subnautica Below Zero). although this model is not 100% similar to the one in the game, at least this model can be said to be similar to the one in the game.And also I have added a windshield in the file, but don\'t worry, you can separate the windshield from the Snowfox.<br>I hope you like my model on this one..<br>Thank you...',25,NULL,3,0,2761,0,2,'',0,0,0,1,0,0,0,0,NULL,NULL,'2023-12-06 22:15:42',NULL),(29,'Snowfox Subnautica','Do you know the Subnautica Below Zero game? Are you a Subnautica game lover? if not, no problem. This is a Snowfox 3d model (a vehicle in the game Subnautica Below Zero). although this model is not 100% similar to the one in the game, at least this model can be said to be similar to the one in the game.And also I have added a windshield in the file, but don\'t worry, you can separate the windshield from the Snowfox.<br>I hope you like my model on this one..<br>Thank you...',25,NULL,3,0,2761,0,2,'',0,0,0,1,0,0,0,0,NULL,NULL,'2023-12-06 22:15:42',NULL),(30,'Snowfox Subnautica','Do you know the Subnautica Below Zero game? Are you a Subnautica game lover? if not, no problem. This is a Snowfox 3d model (a vehicle in the game Subnautica Below Zero). although this model is not 100% similar to the one in the game, at least this model can be said to be similar to the one in the game.And also I have added a windshield in the file, but don\'t worry, you can separate the windshield from the Snowfox.<br>I hope you like my model on this one..<br>Thank you...',25,NULL,3,0,2761,0,2,'',0,0,0,1,0,0,0,0,NULL,NULL,'2023-12-06 22:15:42',NULL),(31,'Snowfox Subnautica','Do you know the Subnautica Below Zero game? Are you a Subnautica game lover? if not, no problem. This is a Snowfox 3d model (a vehicle in the game Subnautica Below Zero). although this model is not 100% similar to the one in the game, at least this model can be said to be similar to the one in the game.And also I have added a windshield in the file, but don\'t worry, you can separate the windshield from the Snowfox.<br>I hope you like my model on this one..<br>Thank you...',25,NULL,3,0,2761,0,2,'',0,0,0,1,0,0,0,0,NULL,NULL,'2023-12-06 22:15:42',NULL),(32,'Snowfox Subnautica','Do you know the Subnautica Below Zero game? Are you a Subnautica game lover? if not, no problem. This is a Snowfox 3d model (a vehicle in the game Subnautica Below Zero). although this model is not 100% similar to the one in the game, at least this model can be said to be similar to the one in the game.And also I have added a windshield in the file, but don\'t worry, you can separate the windshield from the Snowfox.<br>I hope you like my model on this one..<br>Thank you...',25,NULL,3,0,2761,0,2,'',0,0,0,1,0,0,0,0,NULL,NULL,'2023-12-06 22:15:42',NULL),(33,'Snowfox Subnautica','Do you know the Subnautica Below Zero game? Are you a Subnautica game lover? if not, no problem. This is a Snowfox 3d model (a vehicle in the game Subnautica Below Zero). although this model is not 100% similar to the one in the game, at least this model can be said to be similar to the one in the game.And also I have added a windshield in the file, but don\'t worry, you can separate the windshield from the Snowfox.<br>I hope you like my model on this one..<br>Thank you...',25,NULL,3,0,2761,0,2,'',0,0,0,1,0,0,0,0,NULL,NULL,'2023-12-06 22:15:42',NULL),(34,'Snowfox Subnautica','Do you know the Subnautica Below Zero game? Are you a Subnautica game lover? if not, no problem. This is a Snowfox 3d model (a vehicle in the game Subnautica Below Zero). although this model is not 100% similar to the one in the game, at least this model can be said to be similar to the one in the game.And also I have added a windshield in the file, but don\'t worry, you can separate the windshield from the Snowfox.<br>I hope you like my model on this one..<br>Thank you...',25,NULL,3,0,2761,0,2,'',0,0,0,1,0,0,0,0,NULL,NULL,'2023-12-06 22:15:42',NULL),(35,'Snowfox Subnautica','Do you know the Subnautica Below Zero game? Are you a Subnautica game lover? if not, no problem. This is a Snowfox 3d model (a vehicle in the game Subnautica Below Zero). although this model is not 100% similar to the one in the game, at least this model can be said to be similar to the one in the game.And also I have added a windshield in the file, but don\'t worry, you can separate the windshield from the Snowfox.<br>I hope you like my model on this one..<br>Thank you...',25,NULL,3,0,2761,0,2,'',0,0,0,1,0,0,0,0,NULL,NULL,'2023-12-06 22:15:42',NULL),(36,'Intergalactic Spaceship Version 2 (Blender-2.92 Eevee) ','Intergalactic spaceship version 2 for a project.<br><span>Demo-Video <a target=\"_blank\" rel=\"nofollow\" href=\"https://www.youtube.com/watch?v=T8OJLJENlcQ\" title=\"Link: https://www.youtube.com/watch?v=T8OJLJENlcQ\">https://www.youtube.com/watch?v=T8OJLJENlcQ</a><br></span><span><br></span><span><ul><li>Name - Intergalactic_Spaceships_Version_2 </li><li>Dimensions -  5.978m x 3.098m x 8.497m</li><li>Vertices = 13760</li><li>Edges = 41340</li><li>Polygons = 27560</li></ul><br>3D model formats: <ul><li>Native format (*.blend)</li><li>Autodesk FBX (.fbx)</li><li>OBJ (.obj, .mtl)</li><li>glTF (.gltf, .glb)</li><li>X3D (.x3d)</li><li>Collada (.dae)</li><li>Stereolithography (.stl)</li><li>Polygon File Format (.ply)</li><li>Alembic (.abc)</li><li>DXF (.dxf)</li></ul></span><ul><li>Version 1 <a target=\"_blank\" rel=\"nofollow\" href=\"https://free3d.com/3d-model/intergalactic-spaceship-in-blender-28-eevee-394046.html\">https://free3d.com/3d-model/intergalactic-spaceship-in-blender-28-eevee-394046.html</a></li></ul><br><span><br>You can use my 3d-model only for non-commercial, personal/private and editorial use!<br><span><br>Made by Dennis Haupt aka 3DHaupt<br><br><a target=\"_blank\" rel=\"nofollow\" href=\"https://3dhaupt.com\">3DHaupt.com</a><br><br><br></span>---<br><br>My name is Dennis Haupt.<br>&nbsp;<br>3D-artist for modeling, texturing, rigging and animation since 2008.&nbsp;<br><br>My favorite software is Blender 3d but&nbsp;I also work with 3d-Coat or other 3d/2d-programs.&ZeroWidthSpace;&ZeroWidthSpace;<br><br>Location: Germany - Thuringia - Ilmenau<br><br>---<br><br>System:<br>Alienware 18:&nbsp;Intel(R) Core(TM) i7-4930MX CPU @ 3.00GHz&nbsp;NVIDIA GeForce GTX 780M x2 (SLI)&nbsp;32,0 GB RAM<br><br>---</span><br><br><br><br><br>',25,NULL,6,0,22813,0,2,'- Geometrie -',27560,13760,1,1,0,1,1,0,NULL,NULL,'2023-12-06 22:15:42',NULL),(37,'Intergalactic Spaceship Design','Here is an intergalactic spaceship/fighter design I made in 3d-Cost and Blender. All textures in 8K resolution. The downloads contains files for Unity 5, Unreal 4 Engine, Blender and a blend file with Cycles setup for rendering, also I upload my 3d-Coat file so you can easy change the textures as you like.',25,NULL,6,0,22813,63,2,'polygonal',13780,13760,1,0,0,0,1,0,NULL,NULL,'2023-12-06 22:15:42',NULL),(38,'Ufo','3D model of Ufo. modeled in MAYA 14 and edge loops based mesh with reasonable polygon count and normal\'s. The geometry is made mostly on quads. and grouped Rendering. materials are Included and detailed with all files. Included file formats: Maya 14 3dsMax 14 C4D R13 FBX OBJ polygons- 11283 vertices- 12751',1,NULL,6,0,22813,40,2,'- Geometrie -',11283,12751,0,0,0,0,1,0,NULL,NULL,'2023-12-06 22:15:42',NULL),(39,'4 Low-Res Spaceships','4 3D models of Spaceships (Original SciFi Low-res models). You can buy separatly those models check CGPitbull account',0,NULL,6,0,0,115,2,'polygonal_quads/tris',202250,24300,1,0,0,0,1,0,NULL,NULL,'2023-12-06 22:15:42',NULL),(40,'Intergalactic Spaceship Version 2 (Blender-2.92 Eevee) ','Intergalactic spaceship version 2 for a project.<br><span>Demo-Video <a target=\"_blank\" rel=\"nofollow\" href=\"https://www.youtube.com/watch?v=T8OJLJENlcQ\" title=\"Link: https://www.youtube.com/watch?v=T8OJLJENlcQ\">https://www.youtube.com/watch?v=T8OJLJENlcQ</a><br></span><span><br></span><span><ul><li>Name - Intergalactic_Spaceships_Version_2 </li><li>Dimensions -  5.978m x 3.098m x 8.497m</li><li>Vertices = 13760</li><li>Edges = 41340</li><li>Polygons = 27560</li></ul><br>3D model formats: <ul><li>Native format (*.blend)</li><li>Autodesk FBX (.fbx)</li><li>OBJ (.obj, .mtl)</li><li>glTF (.gltf, .glb)</li><li>X3D (.x3d)</li><li>Collada (.dae)</li><li>Stereolithography (.stl)</li><li>Polygon File Format (.ply)</li><li>Alembic (.abc)</li><li>DXF (.dxf)</li></ul></span><ul><li>Version 1 <a target=\"_blank\" rel=\"nofollow\" href=\"https://free3d.com/3d-model/intergalactic-spaceship-in-blender-28-eevee-394046.html\">https://free3d.com/3d-model/intergalactic-spaceship-in-blender-28-eevee-394046.html</a></li></ul><br><span><br>You can use my 3d-model only for non-commercial, personal/private and editorial use!<br><span><br>Made by Dennis Haupt aka 3DHaupt<br><br><a target=\"_blank\" rel=\"nofollow\" href=\"https://3dhaupt.com\">3DHaupt.com</a><br><br><br></span>---<br><br>My name is Dennis Haupt.<br>&nbsp;<br>3D-artist for modeling, texturing, rigging and animation since 2008.&nbsp;<br><br>My favorite software is Blender 3d but&nbsp;I also work with 3d-Coat or other 3d/2d-programs.&ZeroWidthSpace;&ZeroWidthSpace;<br><br>Location: Germany - Thuringia - Ilmenau<br><br>---<br><br>System:<br>Alienware 18:&nbsp;Intel(R) Core(TM) i7-4930MX CPU @ 3.00GHz&nbsp;NVIDIA GeForce GTX 780M x2 (SLI)&nbsp;32,0 GB RAM<br><br>---</span><br><br><br><br><br>',25,NULL,6,0,22813,0,2,'- Geometrie -',27560,13760,1,1,0,1,1,0,NULL,NULL,'2023-12-06 22:15:42',NULL),(41,'Lowpoly Male Rigged','lowpoly Male Rigged<br>Blender 2.92',60,NULL,9,0,11997,0,2,'',0,0,0,0,1,0,0,0,NULL,NULL,'2023-12-06 22:15:42',NULL),(42,'Lowpoly Male Rigged','lowpoly Male Rigged<br>Blender 2.92',60,NULL,9,0,11997,0,2,'',0,0,0,0,1,0,0,0,NULL,NULL,'2023-12-06 22:15:42',NULL),(43,'Lowpoly Male Rigged','lowpoly Male Rigged<br>Blender 2.92',60,NULL,9,0,11997,0,2,'',0,0,0,0,1,0,0,0,NULL,NULL,'2023-12-06 22:15:42',NULL),(44,'Lowpoly Male Rigged','lowpoly Male Rigged<br>Blender 2.92',60,NULL,9,0,11997,0,2,'',0,0,0,0,1,0,0,0,NULL,NULL,'2023-12-06 22:15:42',NULL),(45,'Lowpoly Male Rigged','lowpoly Male Rigged<br>Blender 2.92',60,NULL,9,0,11997,0,2,'',0,0,0,0,1,0,0,0,NULL,NULL,'2023-12-06 22:15:42',NULL),(46,'Table','Its a table',15,NULL,11,0,1483,0,2,'',0,0,0,0,0,0,0,0,NULL,NULL,'2023-12-06 22:15:42',NULL),(47,'Modern Kitchen','Modern Kitchen -Modeled with 3ds Max 2016 -Rendered with V-ray Adv v3.20.03 -Number of polygons: Poligons: 341065 Vertices: 444361 File Formats: -3ds -max -fbx -obj Hope you like it ! Also check out my other models, just click on my user name to see complete gallery MusabFatihKaya',5,NULL,11,3825,1483,2,2,'polygonal',341065,444361,1,0,0,0,0,0,NULL,NULL,'2023-12-06 22:15:42',NULL),(48,'Table','Its a table',15,NULL,11,0,1483,0,2,'',0,0,0,0,0,0,0,0,NULL,NULL,'2023-12-06 22:15:42',NULL),(49,'Table','Its a table',15,NULL,11,0,1483,0,2,'',0,0,0,0,0,0,0,0,NULL,NULL,'2023-12-06 22:15:42',NULL),(50,'Table','Its a table',15,NULL,11,0,1483,0,2,'',0,0,0,0,0,0,0,0,NULL,NULL,'2023-12-06 22:15:42',NULL),(51,'PC Speaker','The renders are with subdivision',5,NULL,12,0,3163,0,2,'- Geometría -',0,0,0,0,0,0,0,0,NULL,NULL,'2023-12-06 22:15:42',NULL),(52,'PC Speaker','The renders are with subdivision',5,NULL,12,0,3163,0,2,'- Geometría -',0,0,0,0,0,0,0,0,NULL,NULL,'2023-12-06 22:15:42',NULL),(53,'PC Speaker','The renders are with subdivision',5,NULL,12,0,3163,0,2,'- Geometría -',0,0,0,0,0,0,0,0,NULL,NULL,'2023-12-06 22:15:42',NULL),(54,'PC Speaker','The renders are with subdivision',5,NULL,12,0,3163,0,2,'- Geometría -',0,0,0,0,0,0,0,0,NULL,NULL,'2023-12-06 22:15:42',NULL),(55,'PC Speaker','The renders are with subdivision',5,NULL,12,0,3163,0,2,'- Geometría -',0,0,0,0,0,0,0,0,NULL,NULL,'2023-12-06 22:15:42',NULL),(58,'4 Low-Res Spaceships','4 3D models of Spaceships (Original SciFi Low-res models). You can buy separatly those models check CGPitbull account',0,NULL,NULL,0,0,113,NULL,'polygonal_quads/triss',NULL,NULL,NULL,NULL,NULL,NULL,NULL,NULL,NULL,NULL,'2023-12-07 13:00:52','2023-12-07 13:07:44'),(60,'test','test',0,NULL,8,0,0,0,NULL,'test',NULL,NULL,NULL,NULL,NULL,NULL,NULL,NULL,NULL,NULL,'2023-12-09 17:11:02',NULL),(61,'test','test',0,NULL,4,0,0,125,NULL,'test',NULL,NULL,NULL,NULL,NULL,NULL,NULL,NULL,NULL,NULL,'2023-12-09 17:49:04',NULL),(62,'Worker','Railway worker made in 3ds max render with Vray, not rigged',0,NULL,5,0,0,32,NULL,'polygonal',NULL,NULL,NULL,NULL,NULL,NULL,NULL,NULL,NULL,NULL,'2023-12-09 22:39:58',NULL),(63,'Cute Girl','Just testing, I know someone as pathetic as I am won\'t ever get to be with girl like this',0,NULL,5,0,0,999999,NULL,'hopeAndDreamWhatwwe',NULL,NULL,NULL,NULL,NULL,NULL,NULL,NULL,NULL,NULL,'2023-12-09 22:45:23','2023-12-09 23:07:24'),(64,'Spider Animated And Game-Ready','Here is <a target=\"_blank\" rel=\"nofollow\" href=\"https://goo.gl/pUvuEZ\"><b>my rigged low-poly spider</b></a> with some basic animations. I modeled, textured and rigged this spider in <a target=\"_blank\" rel=\"nofollow\" href=\"https://www.blender.org/\"><b>Blender</b></a> from <a target=\"_blank\" rel=\"nofollow\" href=\"https://goo.gl/yZurfP\"><b>15.05.2010 to 08.06.2010</b></a>.<br><br><a target=\"_blank\" rel=\"nofollow\" href=\"https://goo.gl/qF0AR7\"><b>3d and </b></a><a target=\"_blank\" rel=\"nofollow\" href=\"https://goo.gl/qF0AR7\"><b>animation-preview on Sketchfab</b></a> <img width=\"500\" alt=\"spider-game-ready-low-poly-rigged\" src=\"https://goo.gl/Y8cblv\"> <br><a target=\"_blank\" rel=\"nofollow\" href=\"https://goo.gl/HxomjL\"><b>Spider test video in Unreal 4</b></a><br>&nbsp;<img width=\"500\" alt=\"spider-rigged-and-game-ready-3d-model-low-poly\" src=\"https://goo.gl/Rkdn1y\"> <br><a target=\"_blank\" rel=\"nofollow\" href=\"https://goo.gl/0w6GiW\"><b>Spider test video in Unity 5</b></a><br>&nbsp;<img width=\"500\" alt=\"Spider test video in Unity 5\" src=\"https://goo.gl/qTv2qm\"> <br><a target=\"_blank\" rel=\"nofollow\" href=\"https://goo.gl/BsQXfZ\"><b>Spider in Blender Game Engine video</b></a><br>&nbsp;<img width=\"500\" alt=\"Spider in Blender Game Engine video\" src=\"https://goo.gl/FM9uVG\"> <br>More details <ul> <li>Polygons 1,470</li> <li>Vertices 1,578</li> <li>Textures Yes</li> <li>Materials Yes</li> <li>UV Mapping Yes</li> <li>Unwrapped UVs Mixed</li> </ul> Spider Animations <ul> <li>Attack</li> <li>Walk (forward, backward, right, left)</li> <li>Run (forward, backward, right, left)</li> <li>Idle</li> <li>Jump</li> <li>Fall/Fly</li> <li>Death animation 1</li> <li>Death animation 2</li> </ul> Control in Blender Game Engine <ul> <li>W,A,S,D = walk</li> <li>A,D= side step</li> <li>Walk + Space = run</li> <li>Left Mouse Button = attack</li> <li>Middle Mouse Button = jump</li> <li>T = Die-animation 1</li> <li>R = Die-animation 2</li> <li>1,2,3 = Camera change</li> </ul> <b>Here is a cool project where this spider </b><br><b>has found a use: </b><br><br><a target=\"_blank\" rel=\"nofollow\" href=\"https://goo.gl/TLFHcY\"><b>Sava Minic</b></a><b> </b>used this spider for<b> </b><a target=\"_blank\" rel=\"nofollow\" href=\"https://goo.gl/pTNf5w\"><b>Araneus - Ludum Dare 38</b></a><b> </b>a unity game project.<br><br><br><br>You can use my 3d-model only for non-commercial, personal/private and editorial use!<br><br>Made by Dennis Haupt aka 3DHaupt<br><br><a target=\"_blank\" rel=\"nofollow\" href=\"https://3dhaupt.com/\">3DHaupt.com</a>&nbsp;<br><br><br>---<br><br>My name is Dennis Haupt.<br>&nbsp;<br>3D-artist for modeling, texturing, rigging and animation since 2008.&nbsp;<br><br>My favorite software is Blender 3d but&nbsp;I also work with 3d-Coat or other 3d/2d-programs.​​<br><br>Location: Germany - Thuringia - Ilmenau<br><br>---<br><br>System:<br>Alienware 18:&nbsp;Intel(R) Core(TM) i7-4930MX CPU @ 3.00GHz&nbsp;NVIDIA GeForce GTX 780M x2 (SLI)&nbsp;32,0 GB RAM<br><br>---<br>',0,NULL,5,0,0,0,NULL,'- Geometrie -',NULL,NULL,NULL,NULL,NULL,NULL,NULL,NULL,NULL,NULL,'2023-12-09 22:55:45',NULL),(65,'Space Ship','This is a deep space exploration research vessel. This ship was designed for a tutorial I created that demonstrates the techniques of rapid symmetry design. Rapid symmetry design is a technique by where you develop a 3d concept, very quickly using Symmetry tools.',0,NULL,10,0,0,18,NULL,'polygonal',NULL,NULL,NULL,NULL,NULL,NULL,NULL,NULL,NULL,NULL,'2023-12-09 22:59:40',NULL),(66,'Space Ship','Spaceship Model render by maya 2017 arnold available file format maya 2017 maya 2014 blender 2.74 fbx formate stl format obj formate colad formate 3d studios formate',0,NULL,6,0,0,9,NULL,'polygonal',NULL,NULL,NULL,NULL,NULL,NULL,NULL,NULL,NULL,NULL,'2023-12-09 23:09:46',NULL),(67,'SciFi City','Here is a very realistic SciFi City You get the V-Ray Scene plus the default scanline scene. It includes textures and all.Also 3Ds and OBJ files.',0,NULL,1,0,0,10,NULL,'polygonal',NULL,NULL,NULL,NULL,NULL,NULL,NULL,NULL,NULL,NULL,'2023-12-14 23:05:39',NULL),(68,'City Downtown B','polygonal_ngons used',0,NULL,1,0,0,79,NULL,'polygonal_ngons used',NULL,NULL,NULL,NULL,NULL,NULL,NULL,NULL,NULL,NULL,'2023-12-14 23:08:00','2023-12-14 23:16:35'),(69,'Ancient EGYPT - Modular Low Poly Architecture Set For Games.','Low poly set, inspired by ancient Egypt culture and made in Blender (native format). This is set of modules which you can connect for example as it is showed on picture first and second. I included AO maps, so you can create your own textures easier.',0,NULL,1,0,0,5,NULL,'polygonal_quads only',NULL,NULL,NULL,NULL,NULL,NULL,NULL,NULL,NULL,NULL,'2023-12-14 23:14:50',NULL),(70,'Soldier','==============Low poly character================= Low poly soldier. Textures 2048x2048 Normal maps 2048x2048 Vertices 15.169',0,NULL,5,0,0,5,NULL,'polygonal_quads/tris',NULL,NULL,NULL,NULL,NULL,NULL,NULL,NULL,NULL,NULL,'2023-12-14 23:18:32','2023-12-14 23:22:12'),(71,'Character Soldier','PBR textures(Metallic Sheder) The character has to Arms. Pistols,Tommy-gun, grenade. As well as handbags. Contains 31 animations. -Walk -Run -Jump -Idle -Get_Hit -Dead -Sit Walk -Sit Idle -(aiming)Walk Sit -(aiming)Walk Right Sit -(aiming)Walk Left Sit -(aiming)Walk Left -(aiming)Walk Back Sit -(aiming)Walk Back -(aiming)Walk -(aiming)Sit Ide -(aiming)Run Right -(aiming)Run Left -(aiming)Run Back -(aiming)Run -(aiming)Idle -(aiming)Up -(aiming)Right -(aiming)Recharge -(aiming)Left -(aiming)Jump -(aiming)Get Hit -(aiming)Down -(aiming)Dead -(aiming)Single Shot PBR textures. Body: -Albedo -AO -Emissive -Metallic -Normal (all 2048-2048 size) Equipment: -Albedo -AO -Metallic -Normal (all 2048-2048 size) Pistol: -Albedo -AO -Metallic -Normal (all 1024-1024 size) Tommy-gun: -Albedo -AO -Metallic -Normal (all 1024-1024 size) The total number of polygons: Polys: 15,015 Tris: 21,100 Verts: 11,036',0,NULL,5,0,0,25,NULL,'polygonal',NULL,NULL,NULL,NULL,NULL,NULL,NULL,NULL,NULL,NULL,'2023-12-14 23:21:35',NULL),(72,'Combat Jet','The Combat jet consists of multiple parts, all can be animated, and come pre-rigged, giving your animation a realistic look! the combat jet also comes with a pilot (can be removed). Missiles can be individually fired, flaps can be animated, landing gears can be deployed, even the after burner can be animated! All textures are 4k. thanks for browsing!',0,NULL,6,0,0,25,NULL,'polygonal',NULL,NULL,NULL,NULL,NULL,NULL,NULL,NULL,NULL,NULL,'2023-12-14 23:24:09','2023-12-14 23:24:37'),(73,'House Interior Items Pack (Extended) ','Everything you need for a house, including the kitchen sink!',0,NULL,7,0,0,10,NULL,'polygonal',NULL,NULL,NULL,NULL,NULL,NULL,NULL,NULL,NULL,NULL,'2023-12-14 23:26:43',NULL),(74,'ATELES Extendable Bed','- model in .obj format - model in .max 2008 format',0,NULL,7,0,0,4,NULL,'polygonal',NULL,NULL,NULL,NULL,NULL,NULL,NULL,NULL,NULL,NULL,'2023-12-14 23:27:31',NULL),(75,'Cor Trinus Chair To Sofa Bed','High quality model. Ideal for close ups Excellent for interior renderings. Optimized for v-ray. *.obj may require texture map reassignment. 3dsmax2009 vray render ready uv mapped as shown on preview. Feb 14, 2018',0,NULL,7,0,0,24,NULL,'polygonal',NULL,NULL,NULL,NULL,NULL,NULL,NULL,NULL,NULL,NULL,'2023-12-14 23:28:33',NULL),(76,'Cor Jalis Sofa','Model of pillow based sofa Jalis made by Cor. Sofa is modeled in 3ds max and rendered in Vray.',0,NULL,7,0,0,30,NULL,'polygonal',NULL,NULL,NULL,NULL,NULL,NULL,NULL,NULL,NULL,NULL,'2023-12-14 23:29:37',NULL),(77,'Apple IPhone 7 Jet Black And Black','High quality 3d model of iPhone 7, two colors: Jet Black and Black.    - high quality and detailed model with realistic vray materials, detailed enough for close-up renders  - this is high-res 3d model, Mesh Smooth modifier is not collapsed, you can set the number of iterations  - No Ngons, the models are made only of quads and some triangles on a few round objects: home button, bolts, camera\'s glass  - perfect shapes around holes in the regions of buttons and speakers, please see pictures  - the max files include vray materials (Jet Black and Black)  - a max file with standard materials are also included  - system units: centimeters  - all objects are appropriately named, and grouped  - the model is unwrapped  - texture included (also psd files), along with some screenshots  - originally modeled with 3ds max 2012, images were rendered with 3ds max 2015 and vray 3.40.01, with linear workflow  - FBX and OBJ files included, you can apply mesh smooth modifier to all objects imported from fbx and obj',0,NULL,8,0,0,6,NULL,'polygonal',NULL,NULL,NULL,NULL,NULL,NULL,NULL,NULL,NULL,NULL,'2023-12-14 23:33:32','2023-12-14 23:36:05'),(78,'Laptop Slim','Slim Laptop 3D model! Created in Max 2015 and Vray Max 2012 vray version is also included Max 2013 vray version is also included Max 2014 vray version is also included Max 2015 vray version is also included FBX included obj included 3ds included Materials included. Polygonal geometry. This product can be customised easily. Rendered with Vray',0,NULL,8,0,0,5,NULL,'polygonal',NULL,NULL,NULL,NULL,NULL,NULL,NULL,NULL,NULL,NULL,'2023-12-14 23:35:22',NULL),(79,'Computer Laptop Flip','Computer Laptop Flip\' is a full 3d model, it will enhance detail and realism to any of your rendering projects. This 3D model inspired by the \'Asus Zenbook Flip S\' ********************************* Features: - Model resolutions are optimized for polygon efficiency(in 3DS MAX the meshsmooth function can be used to increase mesh resolution if necessary). - All colors can be easily modified. - No part-name confusion when importing several models into a scene. - No cleaning up necessary, just drop model into your scene and start rendering. - No special plugin needed to open scene. - HDRI background & scene i used is not included - The unit of measure: Centimeter ********************************* /////////////File formats////////////////// - MAX - OBJ (Multi Format) - FBX (Multi Format) - Cinema 4D Every model has been checked with the appropriate software. ***************************************************** UV textures: 4 uv textures(4096*4096) JPEG 4 uv textures 5K JPEG Available in zip files *************************************************** Hope you like it! Also check out my other models, just click on my user name to see complete gallery. Infos about my work: --------------------------------- I work always my files with a lot of attention to details, good topology and optimizes polygons, I also bring a serious touch in the provided textures. I would like to thank every guys who bought my files, you motivate me to produce some more very nice 3d models. Newlc - 2019',0,NULL,8,0,0,79,NULL,' polygonal_quads/tris',NULL,NULL,NULL,NULL,NULL,NULL,NULL,NULL,NULL,NULL,'2023-12-14 23:37:29',NULL),(80,'Computer Display','3d model of panoramic curved computer monitor. Compatible with 3ds max 2010 or higher and many others. FORMATS *.max Scanline *.max Vray *.max MentalRay *.C4D Advanced Render *.C4D Cinema 4D VRay *.OBJ *.FBX',0,NULL,8,0,0,24,NULL,' polygonal_quads/tris',NULL,NULL,NULL,NULL,NULL,NULL,NULL,NULL,NULL,NULL,'2023-12-14 23:40:24',NULL),(81,'LG 34UC89G-B','This is ultra wide curved LG monitor. The model is 34UC89G-B. The mesh is not collapsed so you can adjust level of details and easily decrease polygon count or just edit the model for your purpose.',0,NULL,8,0,0,30,NULL,'polygonal',NULL,NULL,NULL,NULL,NULL,NULL,NULL,NULL,NULL,NULL,'2023-12-14 23:42:53',NULL),(82,'B&B CHAIR','Features: 1) High quality polygonal model, correctly scaled for an accurate representation of the original object. 2) Model is fully textured with all materials applied. 3) All textures and materials are included and mapped in every format. 4) 3ds Max models are grouped for easy selection, and objects are logically named for ease of scene management. 5)No cleaning up necessaryjust drop your models into the scene and start rendering. 6)Model does not include any backgrounds or scenes used in preview images. 7) Units: mm _____________________________________ File Formats: 1) 3ds Max 2017 V-Ray',0,NULL,7,0,0,50,NULL,'polygonal',NULL,NULL,NULL,NULL,NULL,NULL,NULL,NULL,NULL,NULL,'2023-12-14 23:44:41',NULL),(83,'Mini Flash Drive 32Gb','Mini Flash Drive 32Gb is a 3d model of small, portable memory device that can store digital information. A USB flash drive can store important files and data backups, carry favorite settings or applications, run diagnostics to troubleshoot computer problems or launch an OS from a bootable USB. For memory storage media, computer hardware, high-tech devices, computer technology, electronic engineering, digital technology, bluetooth devices promotional or advertising projects. Mini Flash Drive 32Gb is a high quality, photo real 3d model that will enhance detail and realism to any of your rendering projects. The model has a fully textured, detailed design that allows for close-up renders, and was originally modeled in 3ds Max 2014 and rendered with V-Ray. Renders have no postprocessing! Hope you like it! ***** Features: - High quality polygonal model, has real dimensions. Easy to merge into your scene. - Units: cm - The model was created with the optimal number of polygons. (The Meshsmooth modifier is assigned to the original mesh. Easy to increase mesh resolution if necessary.) - All the objects come with complete UVs - All textures and materials are included and mapped. (All colors can be easily modified.) - All objects are logically named and grouped for ease of objects selection and scene management. - No part-name confusion when importing several models into a scene. - No cleaning up necessary (Model does not include any backgrounds or scenes used in preview images.) - just drop model into your scene. - No special plugin needed to open scene. ***** File Formats: - 3ds Max 2014 V - Ray and standard materials scenes - Blender 2.8 Eevee materials scene - Maya 2016 V-Ray, Hardware and Redshift materials scenes - Cinema 4D R17 V-Ray and Standard materials scene - Modo 10.2 Standard materials scene - OBJ, 3DS, FBX (Multi Formats) ***** Textures Formats: - 5 png (2048X2048) ***** 3d Molier International is a team of 3D artists with over a 15 years of experience. The company participated in various projects allowing us to learn our clients needs. Every model we build goes through thorough Quality assessment both visual and technical to make sure the assets look realistic and the models are of the best quality, which you can tell by looking at the renders - none of the has any postprocessing. We produce 3D models. This is our main activity. Our goal is to create a 3D copy of all objects on the world. Buy 3D models from professionals! Also check out our other models, just click on our user name to see complete gallery. (c) 3d_molier International - 2022',0,NULL,8,0,0,15,NULL,' polygonal_quads/tris',NULL,NULL,NULL,NULL,NULL,NULL,NULL,NULL,NULL,NULL,'2023-12-15 20:58:04',NULL);
/*!40000 ALTER TABLE `products` ENABLE KEYS */;
UNLOCK TABLES;

--
-- Table structure for table `users`
--

DROP TABLE IF EXISTS `users`;
/*!40101 SET @saved_cs_client     = @@character_set_client */;
/*!50503 SET character_set_client = utf8mb4 */;
CREATE TABLE `users` (
  `id` int(11) NOT NULL AUTO_INCREMENT,
  `username` varchar(45) DEFAULT NULL,
  `email` varchar(45) DEFAULT NULL,
  `role` varchar(45) DEFAULT NULL,
  `password` varchar(45) NOT NULL DEFAULT '',
  `firstname` varchar(255) DEFAULT NULL,
  `lastname` varchar(255) DEFAULT NULL,
  PRIMARY KEY (`id`)
) ENGINE=InnoDB AUTO_INCREMENT=54 DEFAULT CHARSET=latin1;
/*!40101 SET character_set_client = @saved_cs_client */;

--
-- Dumping data for table `users`
--

LOCK TABLES `users` WRITE;
/*!40000 ALTER TABLE `users` DISABLE KEYS */;
INSERT INTO `users` VALUES (49,'Klee','wetroseKlee012@gmai.com','customer','abc123!@#A','undefined','undefined'),(53,'rikkeiAcademy','rikkei@academy.com','customer','abc123!@#A','undefined','undefined');
/*!40000 ALTER TABLE `users` ENABLE KEYS */;
UNLOCK TABLES;
/*!40103 SET TIME_ZONE=@OLD_TIME_ZONE */;

/*!40101 SET SQL_MODE=@OLD_SQL_MODE */;
/*!40014 SET FOREIGN_KEY_CHECKS=@OLD_FOREIGN_KEY_CHECKS */;
/*!40014 SET UNIQUE_CHECKS=@OLD_UNIQUE_CHECKS */;
/*!40101 SET CHARACTER_SET_CLIENT=@OLD_CHARACTER_SET_CLIENT */;
/*!40101 SET CHARACTER_SET_RESULTS=@OLD_CHARACTER_SET_RESULTS */;
/*!40101 SET COLLATION_CONNECTION=@OLD_COLLATION_CONNECTION */;
/*!40111 SET SQL_NOTES=@OLD_SQL_NOTES */;

-- Dump completed on 2024-01-31 21:34:32
